Date,Name,Year,Letterboxd URI,Rating
2024-10-17,Fight Club,1999,https://boxd.it/2a9q,5
2024-10-17,Parasite,2019,https://boxd.it/hTha,5
2024-10-17,Barbie,2023,https://boxd.it/bCLK,3
2024-10-17,Joker,2019,https://boxd.it/h4cS,4
2024-10-17,Pulp Fiction,1994,https://boxd.it/29Pq,4
2024-10-17,Dune,2021,https://boxd.it/fA7G,3
2024-10-17,Spider-Man: Into the Spider-Verse,2018,https://boxd.it/azpY,5
2024-10-17,Get Out,2017,https://boxd.it/eOCm,4
2024-10-17,The Batman,2022,https://boxd.it/eDGs,3
2024-10-17,The Dark Knight,2008,https://boxd.it/2b0k,4
2024-10-17,Spider-Man: Across the Spider-Verse,2023,https://boxd.it/kSz4,5
2024-10-17,American Psycho,2000,https://boxd.it/28Vs,4
2024-10-17,Dune: Part Two,2024,https://boxd.it/pUfA,3
2024-10-17,Spider-Man: No Way Home,2021,https://boxd.it/nwRw,4
2024-10-17,The Shining,1980,https://boxd.it/29Nu,2
2024-10-17,Black Swan,2010,https://boxd.it/Sw0,2
2024-10-17,Forrest Gump,1994,https://boxd.it/728,5
2024-10-17,Avengers: Infinity War,2018,https://boxd.it/9vEe,4
2024-10-17,The Godfather,1972,https://boxd.it/2aNK,3
2024-10-17,Avengers: Endgame,2019,https://boxd.it/9vE4,4
2024-10-17,Ratatouille,2007,https://boxd.it/27ww,4
2024-10-17,Fantastic Mr. Fox,2009,https://boxd.it/1WyQ,3
2024-10-17,The Matrix,1999,https://boxd.it/2a1m,3
2024-10-17,Inside Out,2015,https://boxd.it/4KHC,4
2024-10-17,Inside Out 2,2024,https://boxd.it/CFrC,4
2024-10-17,Good Will Hunting,1997,https://boxd.it/2ahY,5
2024-10-17,(500) Days of Summer,2009,https://boxd.it/1EmM,4
2024-10-17,Guardians of the Galaxy,2014,https://boxd.it/3VH2,4
2024-10-17,Blade Runner 2049,2017,https://boxd.it/b8wK,4
2024-10-17,The Lord of the Rings: The Fellowship of the Ring,2001,https://boxd.it/2b5O,3
2024-10-17,Black Panther,2018,https://boxd.it/8MHs,2
2024-10-17,Deadpool,2016,https://boxd.it/9fOC,4
2024-10-17,Deadpool & Wolverine,2024,https://boxd.it/jq8s,4
2024-10-17,Coco,2017,https://boxd.it/bYJQ,5
2024-10-17,Up,2009,https://boxd.it/1OEc,3
2024-10-17,Coraline,2009,https://boxd.it/1NhQ,5
2024-10-17,Drive,2011,https://boxd.it/IG,4
2024-10-17,Us,2019,https://boxd.it/gnV6,3
2024-10-17,Harry Potter and the Prisoner of Azkaban,2004,https://boxd.it/29Qy,2
2024-10-17,Soul,2020,https://boxd.it/ioLA,5
2024-10-17,Spider-Man: Homecoming,2017,https://boxd.it/aboM,3
2024-10-17,Guardians of the Galaxy Vol. 3,2023,https://boxd.it/fVNI,5
2024-10-17,Avatar: The Way of Water,2022,https://boxd.it/2E2E,3
2024-10-17,The Hunger Games,2012,https://boxd.it/2uds,3
2024-10-17,Top Gun: Maverick,2022,https://boxd.it/cjr4,3
2024-10-17,WALL·E,2008,https://boxd.it/1VEo,5
2024-10-17,Baby Reindeer,2024,https://boxd.it/MwSa,4
2024-10-17,Immaculate,2024,https://boxd.it/Douw,2
2024-10-17,Trolls Band Together,2023,https://boxd.it/y3RO,2
2024-10-17,Saw X,2023,https://boxd.it/zUWk,3
2024-10-17,The Little Mermaid,2023,https://boxd.it/fVum,2
2024-10-17,The Super Mario Bros. Movie,2023,https://boxd.it/i8C8,3
2024-10-17,Puss in Boots: The Last Wish,2022,https://boxd.it/aaie,4
2024-10-17,M3GAN,2022,https://boxd.it/jxmG,2
2024-10-17,Black Adam,2022,https://boxd.it/fup0,2
2024-10-17,Bullet Train,2022,https://boxd.it/qW26,3
2024-10-17,Minions: The Rise of Gru,2022,https://boxd.it/fz9w,3
2024-10-17,Lightyear,2022,https://boxd.it/qV1G,2
2024-10-17,Jurassic World Dominion,2022,https://boxd.it/ikXW,1
2024-10-17,Encanto,2021,https://boxd.it/kPRu,3
2024-10-17,Squid Game,2021,https://boxd.it/x1OG,3
2024-10-17,The Guilty,2021,https://boxd.it/kOPW,3
2024-10-17,Don't Breathe 2,2021,https://boxd.it/hla0,2
2024-10-17,Old,2021,https://boxd.it/npKI,3
2024-10-17,Luca,2021,https://boxd.it/ipjC,4
2024-10-17,Raya and the Last Dragon,2021,https://boxd.it/jbkI,3
2024-10-17,The Croods: A New Age,2020,https://boxd.it/jeHK,3
2024-10-17,Once Upon a Snowman,2020,https://boxd.it/rOlG,3
2024-10-17,Demon Slayer -Kimetsu no Yaiba- The Movie: Mugen Train,2020,https://boxd.it/nyLU,3
2024-10-17,A Whisker Away,2020,https://boxd.it/oQEa,3
2024-10-17,If Anything Happens I Love You,2020,https://boxd.it/qIv4,3
2024-10-17,Onward,2020,https://boxd.it/io92,4
2024-10-17,To All the Boys: P.S. I Still Love You,2020,https://boxd.it/kJny,3
2024-10-17,Birds of Prey (and the Fantabulous Emancipation of One Harley Quinn),2020,https://boxd.it/hSyO,3
2024-10-17,Jumanji: The Next Level,2019,https://boxd.it/ixu4,2
2024-10-17,Countdown,2019,https://boxd.it/m83K,2
2024-10-17,It Chapter Two,2019,https://boxd.it/h10u,3
2024-10-17,Spider-Man: Far From Home,2019,https://boxd.it/fegG,3
2024-10-17,Annabelle Comes Home,2019,https://boxd.it/iU5m,3
2024-10-17,Toy Story 4,2019,https://boxd.it/9ALu,2
2024-10-17,Men in Black: International,2019,https://boxd.it/hdJw,2
2024-10-17,Murder Mystery,2019,https://boxd.it/iEBm,3
2024-10-17,Pokémon Detective Pikachu,2019,https://boxd.it/fVA0,3
2024-10-17,Demon Slayer: Kimetsu no Yaiba,2019,https://boxd.it/pKsE,3
2024-10-17,Shazam!,2019,https://boxd.it/8WBu,2
2024-10-17,Pet Sematary,2019,https://boxd.it/4W0q,3
2024-10-17,The Curse of La Llorona,2019,https://boxd.it/hg0E,3
2024-10-17,Ralph Breaks the Internet,2018,https://boxd.it/edAy,3
2024-10-17,Bohemian Rhapsody,2018,https://boxd.it/f1TK,3
2024-10-17,Goosebumps 2: Haunted Halloween,2018,https://boxd.it/fIKc,3
2024-10-17,Venom,2018,https://boxd.it/b8wA,3
2024-10-17,The Brand New Adventures of Aladdin,2018,https://boxd.it/gr3M,3
2024-10-17,To All the Boys I've Loved Before,2018,https://boxd.it/gHec,2
2024-10-17,The Meg,2018,https://boxd.it/bAL4,1
2024-10-17,Hotel Transylvania 3: Summer Vacation,2018,https://boxd.it/e1zI,2
2024-10-17,Jurassic World: Fallen Kingdom,2018,https://boxd.it/bOnU,1
2024-10-17,Incredibles 2,2018,https://boxd.it/7IPg,4
2024-10-17,Slender Man,2018,https://boxd.it/fBcs,2
2024-10-17,Bao,2018,https://boxd.it/iEl4,4
2024-10-17,Truth or Dare,2018,https://boxd.it/grIA,2
2024-10-17,Ready Player One,2018,https://boxd.it/aZes,4
2024-10-17,Maze Runner: The Death Cure,2018,https://boxd.it/bakw,2
2024-10-17,Star Wars: The Last Jedi,2017,https://boxd.it/5xme,1
2024-10-17,Jumanji: Welcome to the Jungle,2017,https://boxd.it/bUeE,2
2024-10-17,Jigsaw,2017,https://boxd.it/9sDs,4
2024-10-17,I Kill Giants,2017,https://boxd.it/ePQ0,3
2024-10-17,It,2017,https://boxd.it/bC8e,3
2024-10-17,The Emoji Movie,2017,https://boxd.it/d9x4,3
2024-10-17,Annabelle: Creation,2017,https://boxd.it/dSxe,3
2024-10-17,Baywatch,2017,https://boxd.it/biG6,2
2024-10-17,Guardians of the Galaxy Vol. 2,2017,https://boxd.it/8MxC,3
2024-10-17,The Boss Baby,2017,https://boxd.it/9mfO,3
2024-10-17,Beauty and the Beast,2017,https://boxd.it/ar0c,3
2024-10-17,Fantastic Beasts and Where to Find Them,2016,https://boxd.it/7FPC,3
2024-10-17,Ouija: Origin of Evil,2016,https://boxd.it/b5EG,2
2024-10-17,Ballerina,2016,https://boxd.it/bpga,3
2024-10-17,Moana,2016,https://boxd.it/8tfY,4
2024-10-17,Trolls,2016,https://boxd.it/4p8Q,3
2024-10-17,Miss Peregrine's Home for Peculiar Children,2016,https://boxd.it/8KPu,3
2024-10-17,Sing,2016,https://boxd.it/b5EQ,3
2024-10-17,Nine Lives,2016,https://boxd.it/asya,3
2024-10-17,Pete's Dragon,2016,https://boxd.it/9hza,3
2024-10-17,Ghostbusters,2016,https://boxd.it/Vm8,1
2024-10-17,Your Name.,2016,https://boxd.it/cUqs,4
2024-10-17,The Shallows,2016,https://boxd.it/aXgQ,2
2024-10-17,The Secret Life of Pets,2016,https://boxd.it/aJ5E,4
2024-10-17,Central Intelligence,2016,https://boxd.it/9DFE,2
2024-10-17,Finding Dory,2016,https://boxd.it/4aAA,3
2024-10-17,The Do-Over,2016,https://boxd.it/dA2C,3
2024-10-17,Alice Through the Looking Glass,2016,https://boxd.it/75Yo,4
2024-10-17,The BFG,2016,https://boxd.it/81cs,3
2024-10-17,The Angry Birds Movie,2016,https://boxd.it/4PBu,3
2024-10-17,The Jungle Book,2016,https://boxd.it/8wjk,3
2024-10-17,Zootopia,2016,https://boxd.it/84xS,3
2024-10-17,The Tuche Family: The American Dream,2016,https://boxd.it/cOXg,3
2024-10-17,Captain Fantastic,2016,https://boxd.it/b2K2,2
2024-10-17,Kung Fu Panda 3,2016,https://boxd.it/4uRQ,3
2024-10-17,The Boy,2016,https://boxd.it/apZi,3
2024-10-17,Star Wars: The Force Awakens,2015,https://boxd.it/4vru,2
2024-10-17,Scouts Guide to the Zombie Apocalypse,2015,https://boxd.it/8i6Q,2
2024-10-17,Hotel Transylvania 2,2015,https://boxd.it/4ZLk,3
2024-10-17,Maze Runner: The Scorch Trials,2015,https://boxd.it/9hwA,3
2024-10-17,The New Adventures of Aladdin,2015,https://boxd.it/bw1G,3
2024-10-17,Goosebumps,2015,https://boxd.it/7Bp6,3
2024-10-17,Pixels,2015,https://boxd.it/7BaA,3
2024-10-17,Serial Teachers 2,2015,https://boxd.it/aCqq,3
2024-10-17,Minions,2015,https://boxd.it/6jCO,4
2024-10-17,Jurassic World,2015,https://boxd.it/4n0g,3
2024-10-17,The Little Prince,2015,https://boxd.it/9WbS,4
2024-10-17,Home,2015,https://boxd.it/6JxA,3
2024-10-17,The SpongeBob Movie: Sponge Out of Water,2015,https://boxd.it/6JxU,2
2024-10-17,The Hunger Games: Mockingjay - Part 1,2014,https://boxd.it/4hka,4
2024-10-17,Penguins of Madagascar,2014,https://boxd.it/89tc,3
2024-10-17,Big Hero 6,2014,https://boxd.it/5rje,4
2024-10-17,Annabelle,2014,https://boxd.it/7l84,3
2024-10-17,The Maze Runner,2014,https://boxd.it/5YPM,4
2024-10-17,Nicholas on Holiday,2014,https://boxd.it/8sae,3
2024-10-17,Maleficent,2014,https://boxd.it/3v1u,4
2024-10-17,The Amazing Spider-Man 2,2014,https://boxd.it/3utM,4
2024-10-17,Rio 2,2014,https://boxd.it/5jfy,4
2024-10-17,The Lego Movie,2014,https://boxd.it/4pDO,3
2024-10-17,Frozen,2013,https://boxd.it/3GNa,3
2024-10-17,The Hunger Games: Catching Fire,2013,https://boxd.it/3sAw,3
2024-10-17,Cloudy with a Chance of Meatballs 2,2013,https://boxd.it/3GMw,3
2024-10-17,Percy Jackson: Sea of Monsters,2013,https://boxd.it/2D8m,3
2024-10-17,The Smurfs 2,2013,https://boxd.it/2HvO,2
2024-10-17,Grown Ups 2,2013,https://boxd.it/3GAq,4
2024-10-17,Turbo,2013,https://boxd.it/2Hzw,3
2024-10-17,World War Z,2013,https://boxd.it/2p2E,2
2024-10-17,Despicable Me 2,2013,https://boxd.it/3gg0,4
2024-10-17,Monsters University,2013,https://boxd.it/bQm,4
2024-10-17,The Hangover Part III,2013,https://boxd.it/3GNY,3
2024-10-17,Epic,2013,https://boxd.it/3SNm,3
2024-10-17,Serial Teachers,2013,https://boxd.it/5xY8,3
2024-10-17,The Croods,2013,https://boxd.it/FRE,3
2024-10-17,Rise of the Guardians,2012,https://boxd.it/2PXw,3
2024-10-17,Wreck-It Ralph,2012,https://boxd.it/2TTS,4
2024-10-17,Asterix & Obelix: God Save Britannia,2012,https://boxd.it/3q3K,3
2024-10-17,Life of Pi,2012,https://boxd.it/37pC,4
2024-10-17,Frankenweenie,2012,https://boxd.it/bPS,4
2024-10-17,Hotel Transylvania,2012,https://boxd.it/2DF6,4
2024-10-17,Ice Age: Continental Drift,2012,https://boxd.it/lQ2,4
2024-10-17,The Amazing Spider-Man,2012,https://boxd.it/27PI,3
2024-10-17,Brave,2012,https://boxd.it/bVG,3
2024-10-17,Madagascar 3: Europe's Most Wanted,2012,https://boxd.it/2NF6,2
2024-10-17,Men in Black 3,2012,https://boxd.it/103U,4
2024-10-17,HOUBA! On the Trail of the Marsupilami,2012,https://boxd.it/3u7c,3
2024-10-17,A Thousand Words,2012,https://boxd.it/2oBS,4
2024-10-17,The Lorax,2012,https://boxd.it/2w9M,4
2024-10-17,Journey 2: The Mysterious Island,2012,https://boxd.it/2o8m,3
2024-10-17,Arthur Christmas,2011,https://boxd.it/Cg6,3
2024-10-17,Puss in Boots,2011,https://boxd.it/eL34,3
2024-10-17,The Adventures of Tintin,2011,https://boxd.it/1Irc,3
2024-10-17,A Monster in Paris,2011,https://boxd.it/2Ghc,4
2024-10-17,Hugo,2011,https://boxd.it/R08,4
2024-10-17,The Intouchables,2011,https://boxd.it/2FT0,3
2024-10-17,War of the Buttons,2011,https://boxd.it/2yyk,3
2024-10-17,The Smurfs,2011,https://boxd.it/Zcm,3
2024-10-17,Harry Potter and the Deathly Hallows: Part 2,2011,https://boxd.it/1RYk,3
2024-10-17,Zookeeper,2011,https://boxd.it/16gq,3
2024-10-17,The Tuche Family,2011,https://boxd.it/1RE,3
2024-10-17,Mr. Popper's Penguins,2011,https://boxd.it/kRS,3
2024-10-17,Cars 2,2011,https://boxd.it/H4Y,5
2024-10-17,Kung Fu Panda 2,2011,https://boxd.it/G36,5
2024-10-17,The Hangover Part II,2011,https://boxd.it/PZI,4
2024-10-17,Rio,2011,https://boxd.it/NKc,5
2024-10-17,Hop,2011,https://boxd.it/DQa,3
2024-10-17,Mars Needs Moms,2011,https://boxd.it/DVu,4
2024-10-17,Rango,2011,https://boxd.it/QPk,3
2024-10-17,Gnomeo & Juliet,2011,https://boxd.it/OKi,3
2024-10-17,Gulliver's Travels,2010,https://boxd.it/15iK,3
2024-10-17,Tangled,2010,https://boxd.it/15gO,3
2024-10-17,Harry Potter and the Deathly Hallows: Part 1,2010,https://boxd.it/1RYu,3
2024-10-17,Megamind,2010,https://boxd.it/16Sk,4
2024-10-17,Open Season 3,2010,https://boxd.it/BZk,4
2024-10-17,Arthur 3: The War of the Two Worlds,2010,https://boxd.it/VFO,3
2024-10-17,Grown Ups,2010,https://boxd.it/169a,4
2024-10-17,Toy Story 3,2010,https://boxd.it/1WRe,4
2024-10-17,Despicable Me,2010,https://boxd.it/1DD8,4
2024-10-17,Alice in Wonderland: Effecting Wonderland,2010,https://boxd.it/pvmG,3
2024-10-17,Shrek Forever After,2010,https://boxd.it/1WRo,5
2024-10-17,A Nightmare on Elm Street,2010,https://boxd.it/1zdg,3
2024-10-17,Nanny McPhee and the Big Bang,2010,https://boxd.it/1cX6,3
2024-10-17,Alice in Wonderland,2010,https://boxd.it/1Spq,4
2024-10-17,Percy Jackson & the Olympians: The Lightning Thief,2010,https://boxd.it/1gJi,3
2024-10-17,Avatar,2009,https://boxd.it/1Efm,3
2024-10-17,Saw VI,2009,https://boxd.it/1A2y,4
2024-10-17,Little Nicholas,2009,https://boxd.it/1jCE,4
2024-10-17,Cloudy with a Chance of Meatballs,2009,https://boxd.it/1A40,4
2024-10-17,Harry Potter and the Half-Blood Prince,2009,https://boxd.it/29FU,3
2024-10-17,Ice Age: Dawn of the Dinosaurs,2009,https://boxd.it/20iC,5
2024-10-17,The Hangover,2009,https://boxd.it/1GjK,3
2024-10-17,Night at the Museum: Battle of the Smithsonian,2009,https://boxd.it/1H7U,3
2024-10-17,Monsters vs Aliens,2009,https://boxd.it/1M50,3
2024-10-17,17 Again,2009,https://boxd.it/1Jnq,3
2024-10-17,Paul Blart: Mall Cop,2009,https://boxd.it/1NQw,3
2024-10-17,The Tale of Despereaux,2008,https://boxd.it/1WQg,4
2024-10-17,Bolt,2008,https://boxd.it/1QXg,3
2024-10-17,Madagascar: Escape 2 Africa,2008,https://boxd.it/1W2K,4
2024-10-17,Saw V,2008,https://boxd.it/1SMa,4
2024-10-17,Open Season 2,2008,https://boxd.it/1PCm,3
2024-10-17,Igor,2008,https://boxd.it/1OsA,3
2024-10-17,Space Chimps,2008,https://boxd.it/1T3q,4
2024-10-17,Kung Fu Panda,2008,https://boxd.it/1Yws,5
2024-10-17,The Boy in the Striped Pyjamas,2008,https://boxd.it/1NOK,4
2024-10-17,Horton Hears a Who!,2008,https://boxd.it/1SfA,3
2024-10-17,The Spiderwick Chronicles,2008,https://boxd.it/20v2,4
2024-10-17,Asterix at the Olympic Games,2008,https://boxd.it/26Nw,3
2024-10-17,Alvin and the Chipmunks,2007,https://boxd.it/21E0,3
2024-10-17,Enchanted,2007,https://boxd.it/24co,3
2024-10-17,Bee Movie,2007,https://boxd.it/22Vw,4
2024-10-17,Saw IV,2007,https://boxd.it/29Sa,4
2024-10-17,The Simpsons Movie,2007,https://boxd.it/6YU,3
2024-10-17,Shrek the Third,2007,https://boxd.it/29yY,4
2024-10-17,Spider-Man 3,2007,https://boxd.it/2a7Y,4
2024-10-17,Dead Silence,2007,https://boxd.it/1OWK,3
2024-10-17,Night at the Museum,2006,https://boxd.it/28wi,3
2024-10-17,Arthur and the Invisibles,2006,https://boxd.it/1Xm2,3
2024-10-17,American Pie Presents: The Naked Mile,2006,https://boxd.it/20qG,4
2024-10-17,Flushed Away,2006,https://boxd.it/1Tpm,4
2024-10-17,Death Note,2006,https://boxd.it/psEs,5
2024-10-17,Open Season,2006,https://boxd.it/20U2,3
2024-10-17,Barnyard,2006,https://boxd.it/1XyC,3
2024-10-17,Click,2006,https://boxd.it/1YVM,3
2024-10-17,Monster House,2006,https://boxd.it/1Z2e,3
2024-10-17,Over the Hedge,2006,https://boxd.it/20QY,4
2024-10-17,Ice Age: The Meltdown,2006,https://boxd.it/2wRk,4
2024-10-17,Cars,2006,https://boxd.it/29ho,5
2024-10-17,Hoodwinked!,2005,https://boxd.it/1UVS,3
2024-10-17,"The Chronicles of Narnia: The Lion, the Witch and the Wardrobe",2005,https://boxd.it/2ark,4
2024-10-17,Harry Potter and the Goblet of Fire,2005,https://boxd.it/29Qo,3
2024-10-17,Saw II,2005,https://boxd.it/2aRs,4
2024-10-17,Corpse Bride,2005,https://boxd.it/24WQ,4
2024-10-17,Wedding Crashers,2005,https://boxd.it/1Yte,3
2024-10-17,Charlie and the Chocolate Factory,2005,https://boxd.it/2b68,4
2024-10-17,Tarzan II,2005,https://boxd.it/1LNU,3
2024-10-17,Star Wars: Episode III - Revenge of the Sith,2005,https://boxd.it/27US,4
2024-10-17,Madagascar,2005,https://boxd.it/29dc,5
2024-10-17,Jack-Jack Attack,2005,https://boxd.it/1P6q,3
2024-10-17,Pooh's Heffalump Movie,2005,https://boxd.it/1PDE,3
2024-10-17,The SpongeBob SquarePants Movie,2004,https://boxd.it/1SYq,3
2024-10-17,The Incredibles,2004,https://boxd.it/1XLm,4
2024-10-17,The Polar Express,2004,https://boxd.it/23am,4
2024-10-17,Shark Tale,2004,https://boxd.it/1VYe,4
2024-10-17,Spider-Man 2,2004,https://boxd.it/2a88,3
2024-10-17,White Chicks,2004,https://boxd.it/1SpK,4
2024-10-17,Garfield,2004,https://boxd.it/1ZAA,3
2024-10-17,Shrek 2,2004,https://boxd.it/29z8,4
2024-10-17,Mean Girls,2004,https://boxd.it/1VNg,3
2024-10-17,RRRrrrr!!!,2004,https://boxd.it/1BnM,3
2024-10-17,Saw,2004,https://boxd.it/2aWW,4
2024-10-17,Peter Pan,2003,https://boxd.it/1VQY,3
2024-10-17,The Cat in the Hat,2003,https://boxd.it/1VSU,3
2024-10-17,Brother Bear,2003,https://boxd.it/1Xjs,4
2024-10-17,Finding Nemo,2003,https://boxd.it/72i,4
2024-10-17,Harry Potter and the Chamber of Secrets,2002,https://boxd.it/29QI,3
2024-10-17,The Ring,2002,https://boxd.it/2a70,3
2024-10-17,Men in Black II,2002,https://boxd.it/2a0y,3
2024-10-17,Lilo & Stitch,2002,https://boxd.it/1TAY,3
2024-10-17,Spider-Man,2002,https://boxd.it/2a8i,4
2024-10-17,Ice Age,2002,https://boxd.it/2apS,4
2024-10-17,Asterix & Obelix: Mission Cleopatra,2002,https://boxd.it/268o,3
2024-10-17,"Monsters, Inc.",2001,https://boxd.it/2a46,4
2024-10-17,Shrek,2001,https://boxd.it/29zi,5
2024-10-17,Chicken Run,2000,https://boxd.it/20Xg,3
2024-10-17,Toy Story 2,1999,https://boxd.it/29qq,3
2024-10-17,A Bug's Life,1998,https://boxd.it/1Yyy,3
2024-10-17,Meet Joe Black,1998,https://boxd.it/2aEI,3
2024-10-17,Pokémon: The First Movie,1998,https://boxd.it/1WLA,3
2024-10-17,Mulan,1998,https://boxd.it/1VFw,2
2024-10-17,Anastasia,1997,https://boxd.it/1YFk,3
2024-10-17,Bean,1997,https://boxd.it/28WA,3
2024-10-17,Men in Black,1997,https://boxd.it/2a0I,4
2024-10-17,The Lost World: Jurassic Park,1997,https://boxd.it/2azS,3
2024-10-17,101 Dalmatians,1996,https://boxd.it/1TgO,3
2024-10-17,The Hunchback of Notre Dame,1996,https://boxd.it/1VZQ,3
2024-10-17,The Cable Guy,1996,https://boxd.it/1XAI,3
2024-10-17,Jumanji,1995,https://boxd.it/1ZLI,3
2024-10-17,Toy Story,1995,https://boxd.it/29qA,4
2024-10-17,Pocahontas,1995,https://boxd.it/1W2g,3
2024-10-17,Casper,1995,https://boxd.it/1ZMw,3
2024-10-17,The Lion King,1994,https://boxd.it/201Q,5
2024-10-17,The Nightmare Before Christmas,1993,https://boxd.it/1YzQ,4
2024-10-17,Aladdin,1992,https://boxd.it/29yE,4
2024-10-17,Beethoven,1992,https://boxd.it/1T36,4
2024-10-17,Beauty and the Beast,1991,https://boxd.it/1XhG,3
2024-10-17,Child's Play 3,1991,https://boxd.it/1Uqg,4
2024-10-17,Hook,1991,https://boxd.it/29nQ,3
2024-10-17,Edward Scissorhands,1990,https://boxd.it/2aZc,4
2024-10-17,It,1990,https://boxd.it/26tG,4
2024-10-17,Child's Play 2,1990,https://boxd.it/1Uqq,4
2024-10-17,Back to the Future Part III,1990,https://boxd.it/2aTS,3
2024-10-17,Beetlejuice,1988,https://boxd.it/24QI,3
2024-10-17,Dirty Dancing,1987,https://boxd.it/2baY,3
2024-10-17,Stand by Me,1986,https://boxd.it/2aOe,3
2024-10-17,The Great Mouse Detective,1986,https://boxd.it/1XlI,3
2024-10-17,Gremlins,1984,https://boxd.it/29gg,3
2024-10-17,The Party,1980,https://boxd.it/2aYy,4
2024-10-17,Grease,1978,https://boxd.it/29YW,4
2024-10-17,Robin Hood,1973,https://boxd.it/1SRa,3
2024-10-17,The Wizard of Oz,1939,https://boxd.it/29Xu,3
2024-10-17,Joker: Folie à Deux,2024,https://boxd.it/xBoE,2
2024-10-17,Beetlejuice Beetlejuice,2024,https://boxd.it/yyGs,3
2024-10-17,The Platform 2,2024,https://boxd.it/Gz88,2
2024-10-17,Alien: Romulus,2024,https://boxd.it/zGqO,4
2024-10-17,Alien,1979,https://boxd.it/2awY,4
2024-10-17,Aliens,1986,https://boxd.it/29PA,4
2024-10-17,Alien: Covenant,2017,https://boxd.it/49UY,3
2024-10-17,Alien³,1992,https://boxd.it/20zS,4
2024-10-17,Alien Resurrection,1997,https://boxd.it/20zI,4
2024-10-17,The Predator,2018,https://boxd.it/bDw2,3
2024-10-17,Predator,1987,https://boxd.it/NVGU,3
2024-10-17,Predator 2,1990,https://boxd.it/2aY4,3
2024-10-17,Predators,2010,https://boxd.it/1d9m,4
2024-10-17,Prey,2022,https://boxd.it/sNBU,3
2024-10-17,Meg 2: The Trench,2023,https://boxd.it/mLvo,1
2024-10-17,AVP: Alien vs. Predator,2004,https://boxd.it/2atU,3
2024-10-17,Aliens vs Predator: Requiem,2007,https://boxd.it/2ans,3
2024-10-17,I Am Legend,2007,https://boxd.it/21DG,5
2024-10-17,Kick-Ass,2010,https://boxd.it/1zaQ,3
2024-10-17,Kick-Ass 2,2013,https://boxd.it/hqu,3
2024-10-17,The Marvels,2023,https://boxd.it/mwU4,1
2024-10-17,Captain Marvel,2019,https://boxd.it/9vSA,2
2024-10-17,The Avengers,2012,https://boxd.it/1xFW,3
2024-10-17,Doctor Strange in the Multiverse of Madness,2022,https://boxd.it/gaTc,4
2024-10-17,Iron Man,2008,https://boxd.it/28dA,3
2024-10-17,Captain America: Civil War,2016,https://boxd.it/89Ja,3
2024-10-17,Doctor Strange,2016,https://boxd.it/8MH8,3
2024-10-17,Captain America: The Winter Soldier,2014,https://boxd.it/3r58,3
2024-10-17,Avengers: Age of Ultron,2015,https://boxd.it/3qi6,3
2024-10-17,Shang-Chi and the Legend of the Ten Rings,2021,https://boxd.it/kLDI,4
2024-10-17,Captain America: The First Avenger,2011,https://boxd.it/28b0,2
2024-10-17,Ant-Man,2015,https://boxd.it/3vmW,2
2024-10-17,Iron Man 3,2013,https://boxd.it/2cBQ,2
2024-10-17,Iron Man 2,2010,https://boxd.it/1WZM,2
2024-10-17,Eternals,2021,https://boxd.it/j36o,3
2024-10-17,Ant-Man and the Wasp,2018,https://boxd.it/cqUW,2
2024-10-17,Ant-Man and the Wasp: Quantumania,2023,https://boxd.it/nL2y,3
2024-10-17,The Guardians of the Galaxy Holiday Special,2022,https://boxd.it/t77K,4
2024-10-17,Ms. Marvel,2022,https://boxd.it/ANCY,1
2024-10-17,Marvel Studios Assembled: The Making of What If...?,2021,https://boxd.it/Fksg,4
2024-10-17,Marvel Studios Assembled: The Making of Hawkeye,2022,https://boxd.it/zjeq,3
2024-10-17,X-Men,2000,https://boxd.it/1a7s,4
2024-10-17,X-Men: Days of Future Past,2014,https://boxd.it/4aRw,4
2024-10-17,X-Men: First Class,2011,https://boxd.it/FOA,3
2024-10-17,X-Men: Apocalypse,2016,https://boxd.it/7eJi,3
2024-10-17,X-Men Origins: Wolverine,2009,https://boxd.it/27ug,3
2024-10-17,X-Men: The Last Stand,2006,https://boxd.it/1a5Q,4
2024-10-17,X-Men,2011,https://boxd.it/sfIC,2
2024-10-17,Logan,2017,https://boxd.it/7Piy,5
2024-10-17,X2,2003,https://boxd.it/1a7i,3
2024-10-17,The Wolverine,2013,https://boxd.it/2CWU,3
2024-10-17,Dark Phoenix,2019,https://boxd.it/anyO,2
2024-10-17,The New Mutants,2020,https://boxd.it/bjle,2
2024-10-17,Home Alone,1990,https://boxd.it/29Fg,3
2024-10-17,Home Alone 2: Lost in New York,1992,https://boxd.it/29F6,3
2024-10-17,Gremlins 2: The New Batch,1990,https://boxd.it/29g6,3
2024-10-17,Cam,2018,https://boxd.it/iWvG,3
2024-10-17,The Platform,2019,https://boxd.it/mUm6,3
2024-10-17,Gladiator,2000,https://boxd.it/2b9m,3
2024-10-17,Halloween,1978,https://boxd.it/2wRu,4
2024-10-17,Halloween,2018,https://boxd.it/f0uE,4
2024-10-17,Scream VI,2023,https://boxd.it/zdfW,3
2024-10-17,The Fall Guy,2024,https://boxd.it/s0Bm,3
2024-10-17,Scream 3,2000,https://boxd.it/24Ei,3
2024-10-17,Hellraiser,1987,https://boxd.it/1Zpi,2
2024-10-17,In a Violent Nature,2024,https://boxd.it/K5eI,3
2024-10-17,The Lord of the Rings: The Two Towers,2002,https://boxd.it/2b5E,3
2024-10-17,Scream 4,2011,https://boxd.it/Zmc,3
2024-10-17,Friday the 13th,1980,https://boxd.it/24fs,3
2024-10-17,The Cabin in the Woods,2011,https://boxd.it/1zOc,3
2024-10-17,The Lord of the Rings: The Return of the King,2003,https://boxd.it/2b5u,3
2024-10-17,Child's Play,1988,https://boxd.it/1VTo,2
2024-10-17,The Black Phone,2021,https://boxd.it/sqFE,2
2024-10-17,Batman Begins,2005,https://boxd.it/2aIg,3
2024-10-17,[REC],2007,https://boxd.it/20ma,3
2024-10-17,Five Nights at Freddy's,2023,https://boxd.it/ikHu,3
2024-10-17,ParaNorman,2012,https://boxd.it/2FuY,4
2024-10-17,The Butterfly Effect,2004,https://boxd.it/27M0,4
2024-10-17,Ring,1998,https://boxd.it/26tw,3
2024-10-17,The Hunger Games: The Ballad of Songbirds & Snakes,2023,https://boxd.it/pZCY,3
2024-10-17,Agatha All Along,2024,https://boxd.it/Q5dC,1
2024-10-17,The Dark Knight Rises,2012,https://boxd.it/H3m,3
2024-10-17,Halloween II,1981,https://boxd.it/1UeE,3
2024-10-17,Wonka,2023,https://boxd.it/tCQm,3
2024-10-17,Pirates of the Caribbean: The Curse of the Black Pearl,2003,https://boxd.it/70G,3
2024-10-17,Winnie-the-Pooh: Blood and Honey 2,2024,https://boxd.it/EPuU,2
2024-10-17,Halloween III: Season of the Witch,1982,https://boxd.it/1VFc,3
2024-10-17,Venom: Let There Be Carnage,2021,https://boxd.it/llco,3
2024-10-17,Zombieland,2009,https://boxd.it/1En6,2
2024-10-17,Despicable Me 4,2024,https://boxd.it/iOLG,3
2024-10-17,The Terminal,2004,https://boxd.it/2a2O,2
2024-10-17,Friday the 13th Part 2,1981,https://boxd.it/1XXC,3
2024-10-17,Transformers,2007,https://boxd.it/280c,3
2024-10-17,Transformers: Revenge of the Fallen,2009,https://boxd.it/20gG,3
2024-10-17,Transformers: Rise of the Beasts,2023,https://boxd.it/oQTa,3
2024-10-17,Transformers: Dark of the Moon,2011,https://boxd.it/16aC,3
2024-10-17,Transformers: Age of Extinction,2014,https://boxd.it/3d1m,3
2024-10-17,Transformers: The Last Knight,2017,https://boxd.it/b8xo,3
2024-10-17,Bumblebee,2018,https://boxd.it/f21O,4
2024-10-17,Paranormal Activity,2007,https://boxd.it/1yIM,3
2024-10-17,Project X,2012,https://boxd.it/neO,3
2024-10-17,Ghostbusters: Frozen Empire,2024,https://boxd.it/AxYu,2
2024-10-17,Final Destination 3,2006,https://boxd.it/1Z40,3
2024-10-17,Halloween,2007,https://boxd.it/27u6,3
2024-10-17,Final Destination 2,2003,https://boxd.it/1YSS,3
2024-10-17,Kingdom of the Planet of the Apes,2024,https://boxd.it/ohEE,3
2024-10-17,Rise of the Planet of the Apes,2011,https://boxd.it/cS4,4
2024-10-17,Dawn of the Planet of the Apes,2014,https://boxd.it/3XyQ,3
2024-10-17,War for the Planet of the Apes,2017,https://boxd.it/8FE2,3
2024-10-17,Final Destination 5,2011,https://boxd.it/r1k,3
2024-10-17,The Green Mile,1999,https://boxd.it/2agG,3
2024-10-17,Madame Web,2024,https://boxd.it/nwD0,1
2024-10-17,The Hobbit: An Unexpected Journey,2012,https://boxd.it/GZk,3
2024-10-17,The Hobbit: The Desolation of Smaug,2013,https://boxd.it/nmS,3
2024-10-17,The Hobbit: The Battle of the Five Armies,2014,https://boxd.it/43aU,3
2024-10-17,The Garfield Movie,2024,https://boxd.it/s93y,2
2024-10-17,The Greatest Showman,2017,https://boxd.it/acjI,3
2024-10-17,Bride of Chucky,1998,https://boxd.it/1SJU,2
2024-10-17,Tucker and Dale vs. Evil,2010,https://boxd.it/Mce,4
2024-10-17,Halloween Kills,2021,https://boxd.it/mxzG,4
2024-10-17,Halloween 4: The Return of Michael Myers,1988,https://boxd.it/1U2S,3
2024-10-17,Deadpool 2,2018,https://boxd.it/dlLM,4
2024-10-17,Pan's Labyrinth,2006,https://boxd.it/28No,2
2024-10-17,Matilda,1996,https://boxd.it/1VhY,2
2024-10-17,Halloween Ends,2022,https://boxd.it/mO8M,2
2024-10-17,Friday the 13th Part III,1982,https://boxd.it/1XX8,3
2024-10-17,The Nun,2018,https://boxd.it/fBkw,3
2024-10-17,Winnie the Pooh: Blood and Honey,2023,https://boxd.it/B1rg,1
2024-10-17,Wallace & Gromit: The Curse of the Were-Rabbit,2005,https://boxd.it/2ac0,3
2024-10-17,Pirates of the Caribbean: Dead Man's Chest,2006,https://boxd.it/2bfk,3
2024-10-17,Elemental,2023,https://boxd.it/ASiE,4
2024-10-17,Halloween 5: The Revenge of Michael Myers,1989,https://boxd.it/1U2e,3
2024-10-17,Kung Fu Panda 4,2024,https://boxd.it/CepE,3
2024-10-17,The Hunger Games: Mockingjay - Part 2,2015,https://boxd.it/4hk0,3
2024-10-17,Halloween II,2009,https://boxd.it/1yda,3
2024-10-17,"I, Robot",2004,https://boxd.it/27y8,3
2024-10-17,Jason Lives - Friday the 13th Part VI,1986,https://boxd.it/1WM4,3
2024-10-17,Terminator 2: Judgment Day,1991,https://boxd.it/2aGY,3
2024-10-17,Terminator: Dark Fate,2019,https://boxd.it/96YI,2
2024-10-17,The Terminator,2023,https://boxd.it/NyZk,3
2024-10-17,Terminator 3: Rise of the Machines,2003,https://boxd.it/2aES,3
2024-10-17,Terminator Genisys,2015,https://boxd.it/35s0,2
2024-10-17,Terminator Salvation,2009,https://boxd.it/2abQ,3
2024-10-18,Jack and the Cuckoo-Clock Heart,2013,https://boxd.it/68tc,4
2024-10-18,Jack and Jill,2011,https://boxd.it/2pQu,3
2024-10-18,50 First Dates,2004,https://boxd.it/285c,3
2024-10-18,Just Go with It,2011,https://boxd.it/Doq,3
2024-10-18,Big Daddy,1999,https://boxd.it/1ZkW,3
2024-10-18,You Don't Mess with the Zohan,2008,https://boxd.it/1VHs,4
2024-10-18,Spaceman,2024,https://boxd.it/nC20,2
2024-10-18,Billy Madison,1995,https://boxd.it/1UQI,3
2024-10-18,Anger Management,2003,https://boxd.it/1YvO,3
2024-10-18,The Longest Yard,2005,https://boxd.it/1Z3c,3
2024-10-18,Finding Sandler,2022,https://boxd.it/AlQy,3
2024-10-18,Big Fish,2003,https://boxd.it/2a3M,3
2024-10-18,The NeverEnding Story,1984,https://boxd.it/1dE0,3
2024-10-18,Accepted,2006,https://boxd.it/1XO6,3
2024-10-18,American Pie,1999,https://boxd.it/27qy,3
2024-10-18,American Pie 2,2001,https://boxd.it/26kO,3
2024-10-18,American Pie Presents: Band Camp,2005,https://boxd.it/20qQ,3
2024-10-18,American Pie Presents: Beta House,2007,https://boxd.it/20qm,3
2024-10-18,American Pie Presents: The Book of Love,2009,https://boxd.it/1uwC,3
2024-10-18,American Pie Presents: Girls' Rules,2020,https://boxd.it/oAn8,3
2024-10-18,Back to Black,2024,https://boxd.it/BKV6,3
2024-10-18,Bob Marley: One Love,2024,https://boxd.it/uckw,3
2024-10-24,Smile 2,2024,https://boxd.it/FDA4,2
2024-10-25,9,2009,https://boxd.it/1Scm,4
2024-10-25,South Park: The End of Obesity,2024,https://boxd.it/NfjY,3
2024-10-25,"South Park: Bigger, Longer & Uncut",1999,https://boxd.it/1YAO,4
2024-10-25,South ParQ Vaccination Special,2021,https://boxd.it/ujwu,3
2024-10-25,South Park: Post COVID,2021,https://boxd.it/wYnW,5
2024-10-25,South Park: Post COVID: The Return of COVID,2021,https://boxd.it/wYo6,5
2024-10-25,South Park: Joining the Panderverse,2023,https://boxd.it/J8oY,3
2024-10-25,South Park (Not Suitable for Children),2023,https://boxd.it/KikO,4
2024-10-25,South Park the Streaming Wars,2022,https://boxd.it/AOfm,4
2024-10-25,South Park: Imaginationland,2008,https://boxd.it/1KZU,3
2024-10-25,South Park the Streaming Wars Part 2,2022,https://boxd.it/BxLM,4
2024-10-25,Batman v Superman: Dawn of Justice,2016,https://boxd.it/6fBW,1
2024-10-25,Edge of Tomorrow,2014,https://boxd.it/4pD0,3
2024-10-25,The Blackening,2022,https://boxd.it/C6VM,1
2024-10-25,The Wolf of Wall Street,2013,https://boxd.it/3C1m,3
2024-10-25,Anaconda,1997,https://boxd.it/1YSy,2
2024-10-25,King Kong,2005,https://boxd.it/2aLa,2
2024-10-25,Christopher Robin,2018,https://boxd.it/eSj4,3
2024-10-25,After,2019,https://boxd.it/jBb8,1
2024-10-25,Marley & Me,2008,https://boxd.it/1Ola,4
2024-10-25,MVP 2: Most Vertical Primate,2001,https://boxd.it/BpG,3
2024-10-25,MVP: Most Valuable Primate,2000,https://boxd.it/1gxc,3
2024-10-25,Area 51,2015,https://boxd.it/lDW,3
2024-10-25,Longlegs,2024,https://boxd.it/KzLM,4
2024-10-25,Nope,2022,https://boxd.it/sDCe,2
2024-10-25,Terrifier 3,2024,https://boxd.it/D8tM,3
2024-10-26,Fanfan,1993,https://boxd.it/16YM,4
2024-10-27,Venom: The Last Dance,2024,https://boxd.it/ynqo,3
2024-10-27,Chicken Little,2005,https://boxd.it/1Xnu,2
2024-10-27,Sonic the Hedgehog,2020,https://boxd.it/gdK8,3
2024-10-27,Sonic the Hedgehog 2,2022,https://boxd.it/pb8O,2
2024-10-27,Despicable Me 3,2017,https://boxd.it/azpu,3
2024-10-27,The Secret Life of Pets 2,2019,https://boxd.it/ewPM,3
2024-10-27,Sing 2,2021,https://boxd.it/fAnE,3
2024-10-27,The Lego Movie 2: The Second Part,2019,https://boxd.it/8BAU,2
2024-10-27,The Lego Ninjago Movie,2017,https://boxd.it/8lEw,3
2024-10-27,Spies in Disguise,2019,https://boxd.it/fjf4,3
2024-10-27,The Book of Life,2014,https://boxd.it/6JKY,3
2024-10-27,Dragon Ball Super: Super Hero,2022,https://boxd.it/mxII,2
2024-10-27,Dragon Ball Super: Broly,2018,https://boxd.it/iaWE,2
2024-10-27,Dragon Ball Z: Battle of Gods,2013,https://boxd.it/4a0C,3
2024-10-27,Dragon Ball Z: Resurrection 'F',2015,https://boxd.it/9GCI,3
2024-10-27,Dragon Ball Z: Broly - The Legendary Super Saiyan,1993,https://boxd.it/1dTu,3
2024-10-27,Dragon Ball Z: Fusion Reborn,1995,https://boxd.it/14sa,2
2024-10-27,Dragon Ball Z: Cooler's Revenge,1991,https://boxd.it/1x4c,2
2024-10-27,Dragon Ball Z: Bardock - The Father of Goku,1990,https://boxd.it/13WS,3
2024-10-27,Dragon Ball Z: The History of Trunks,1993,https://boxd.it/13WI,3
2024-10-27,Dragon Ball Z: The Tree of Might,1990,https://boxd.it/14t8,2
2024-10-27,Dragon Ball Z: Wrath of the Dragon,1995,https://boxd.it/14s0,1.5
2024-10-27,Dragon Ball Z: Dead Zone,1989,https://boxd.it/1pci,2
2024-10-27,Dragon Ball Z: Bojack Unbound,1993,https://boxd.it/14su,2
2024-10-27,Dragon Ball Z: The Return of Cooler,1992,https://boxd.it/14sO,3
2024-10-27,Dragon Ball Z: Broly - Second Coming,1994,https://boxd.it/Sqm,3
2024-10-27,Dragon Ball Z: Super Android 13!,1992,https://boxd.it/14sE,1
2024-10-27,Dragon Ball Z: Bio-Broly,1994,https://boxd.it/14sk,2
2024-10-27,Dragon Ball Z: The World's Strongest,1990,https://boxd.it/14ti,2
2024-10-27,Dragon Ball Z: Lord Slug,1991,https://boxd.it/14sY,2
2024-10-27,Dragon Ball: Curse of the Blood Rubies,1986,https://boxd.it/14mG,2
2024-10-27,Dragon Ball: The Path to Power,1996,https://boxd.it/14m2,2
2024-10-27,Dragon Ball: Sleeping Princess in Devil's Castle,1987,https://boxd.it/14mw,2
2024-10-27,Dragon Ball: Mystical Adventure,1988,https://boxd.it/3STk,1
2024-10-27,Dragon Ball: Episode of Bardock,2011,https://boxd.it/3Zq0,3
2024-10-27,Dragon Ball GT: A Hero's Legacy,1997,https://boxd.it/1HzE,1
2024-10-27,Dragon Ball: Yo! Son Goku and His Friends Return!!,2008,https://boxd.it/15Ew,2
2024-10-27,Dragon Ball Z Side Story: Plan to Eradicate the Saiyans,1993,https://boxd.it/ogk4,1
2024-10-27,Dragon Ball Z: Plan to Eradicate the Super Saiyans,2010,https://boxd.it/3akU,1
2024-10-27,Dragon Ball Z: Gather Together! Goku's World,1992,https://boxd.it/9wS2,1
2024-10-27,Dragon Ball Z: Resurrection F - Future Trunks Special Edition,2016,https://boxd.it/MQ90,2
2024-10-27,Pokémon the Movie 2000,1999,https://boxd.it/1RBU,4
2024-10-27,Pokémon 3: The Movie,2000,https://boxd.it/1UUA,2
2024-10-27,Pokémon 4Ever,2001,https://boxd.it/1RBK,2
2024-10-27,Pokémon the Movie: Mewtwo Strikes Back - Evolution,2019,https://boxd.it/kZu6,1
2024-10-27,Pokémon Heroes,2002,https://boxd.it/1eHE,2
2024-10-27,Pokémon the Movie: I Choose You!,2017,https://boxd.it/fw1k,3
2024-10-27,Pokémon Concierge,2023,https://boxd.it/KrNU,1
2024-10-27,Pokémon: Lucario and the Mystery of Mew,2005,https://boxd.it/1epg,2
2024-10-27,Pokémon: The Rise of Darkrai,2007,https://boxd.it/1uKY,3
2024-10-27,Pokémon: Destiny Deoxys,2004,https://boxd.it/1epA,3
2024-10-27,Pokémon: Jirachi - Wish Maker,2003,https://boxd.it/1b3Q,3
2024-10-27,Pokémon: Giratina and the Sky Warrior,2008,https://boxd.it/L52,3
2024-10-27,Pokémon: Arceus and the Jewel of Life,2009,https://boxd.it/14yW,2
2024-10-27,Pokémon: Zoroark - Master of Illusions,2010,https://boxd.it/Ese,4
2024-10-27,Pokémon the Movie: Hoopa and the Clash of Ages,2015,https://boxd.it/bMIc,4
2024-10-27,Pokémon: Mewtwo Returns,2000,https://boxd.it/19yi,3
2024-10-27,Pokémon Origins,2013,https://boxd.it/Azsq,4
2024-10-27,Pokémon the Movie: Kyurem vs. the Sword of Justice,2012,https://boxd.it/4Km0,4
2024-10-27,Pokémon the Movie: Diancie and the Cocoon of Destruction,2014,https://boxd.it/9GIw,3
2024-10-27,Pokémon the Movie: White - Victini and Zekrom,2011,https://boxd.it/38eq,3
2024-10-27,Pokémon the Movie: Black - Victini and Reshiram,2011,https://boxd.it/3Qc4,3
2024-10-27,Pokémon the Movie: Volcanion and the Mechanical Marvel,2016,https://boxd.it/djaY,3
2024-10-27,Pokémon: The Arceus Chronicles,2022,https://boxd.it/CA7C,3
2024-10-27,Pokémon: The Mastermind of Mirage Pokémon,2006,https://boxd.it/4qIA,2
2024-10-27,Death Note,2017,https://boxd.it/bOS4,2
2024-10-27,Leatherface,2017,https://boxd.it/9yyS,4
2024-10-29,The Pursuit of Happyness,2006,https://boxd.it/28PE,4
2024-10-29,The Dictator,2012,https://boxd.it/2DEW,3
2024-10-29,"Honey, I Shrunk the Kids",1989,https://boxd.it/1YTw,3
2024-11-09,"Monster High: Frights, Camera, Action!",2014,https://boxd.it/7I5i,4
2024-11-11,Bad Milo!,2013,https://boxd.it/5jJy,2
2024-11-11,Trick 'r Treat,2007,https://boxd.it/1zvE,1
2024-11-12,Whiplash,2014,https://boxd.it/7bQA,4
2024-11-14,The Substance,2024,https://boxd.it/zanS,2.5
2024-11-20,How to Train Your Dragon,2010,https://boxd.it/1WRy,4
2024-11-20,How to Train Your Dragon 2,2014,https://boxd.it/2TRW,4.5
2024-11-22,How to Train Your Dragon: The Hidden World,2019,https://boxd.it/5a9w,3
2024-11-24,Justice League,2017,https://boxd.it/4w68,1
2024-11-24,Zack Snyder's Justice League,2021,https://boxd.it/tLOk,0.5
2024-11-26,John Wick: Chapter 4,2023,https://boxd.it/mh48,2
2024-11-26,John Wick: Chapter 2,2017,https://boxd.it/ayGu,2
2024-11-26,John Wick,2014,https://boxd.it/7dEc,2
2024-11-26,John Wick: Chapter 3 - Parabellum,2019,https://boxd.it/gmFw,2
2024-11-28,Devilman Crybaby,2018,https://boxd.it/muwa,4.5
2024-12-04,The Grinch,2018,https://boxd.it/chpK,2
2024-12-04,The Crowded Room,2023,https://boxd.it/GViY,3
2024-12-04,The Devil All the Time,2020,https://boxd.it/i2tY,3
2024-12-04,Cherry,2021,https://boxd.it/jRhm,2.5
2024-12-04,Dolittle,2020,https://boxd.it/fXEy,2
2024-12-04,Spider-Man: All Roads Lead to No Way Home,2022,https://boxd.it/AjLc,3
2024-12-04,Uncharted,2022,https://boxd.it/b5Dy,3
2024-12-04,Thor,2011,https://boxd.it/1WQU,0.5
2024-12-04,Thor: Ragnarok,2017,https://boxd.it/8MHi,2.5
2024-12-04,Thor: The Dark World,2013,https://boxd.it/2DqA,0.5
2024-12-04,Thor: Love and Thunder,2022,https://boxd.it/mMAY,0.5
2024-12-04,Smile,2022,https://boxd.it/xjfE,2.5
2024-12-08,La La Land,2016,https://boxd.it/a5fa,2.5
2024-12-09,Snatch,2000,https://boxd.it/2b7U,4
2024-12-13,Challengers,2024,https://boxd.it/zld0,3.5
2024-12-13,Hellboy,2004,https://boxd.it/28HK,2
2024-12-23,Charlotte's Web,2006,https://boxd.it/1Xn0,3.5
2024-12-23,Me Before You,2016,https://boxd.it/9n98,3.5
2024-12-23,Star Wars: Episode I - The Phantom Menace,1999,https://boxd.it/27Vc,3
2024-12-23,Black Panther: Wakanda Forever,2022,https://boxd.it/igPu,4
2024-12-23,Oppenheimer,2023,https://boxd.it/wUow,3.5
2024-12-23,Idiocracy,2006,https://boxd.it/20RW,3.5
2024-12-23,In Time,2011,https://boxd.it/FPS,3.5
2024-12-23,Free Guy,2021,https://boxd.it/k8dm,2.5
2024-12-23,The Babadook,2014,https://boxd.it/77xu,2
2024-12-26,Kraven the Hunter,2024,https://boxd.it/jGuE,3.5
2025-01-02,The Watcher,2022,https://boxd.it/Daja,3
2025-01-05,Heretic,2024,https://boxd.it/H1lY,3
2025-01-09,Interstellar,2014,https://boxd.it/4VZ8,3
2025-01-10,Sleep Tight,2011,https://boxd.it/2GjC,3.5
2025-01-12,Gladiator II,2024,https://boxd.it/kqQQ,2.5
2025-01-12,Return to Oz,1985,https://boxd.it/1QHM,3
2025-01-12,Oz,2014,https://boxd.it/vqDk,2.5
2025-01-12,Wicked,2024,https://boxd.it/e8ME,3.5
2025-01-12,Monkey Man,2024,https://boxd.it/kvsO,3
2025-01-12,The Suicide Squad,2021,https://boxd.it/fw6O,3.5
2025-01-12,Suicide Squad,2016,https://boxd.it/9row,2
2025-01-16,Bad Boys II,2003,https://boxd.it/1ZuW,3.5
2025-01-16,Bad Boys: Ride or Die,2024,https://boxd.it/l3Ki,3.5
2025-01-18,Ben 10: Secret of the Omnitrix,2007,https://boxd.it/1Miy,4
2025-01-18,Regular Show: The Movie,2015,https://boxd.it/bXNM,3.5
2025-01-19,Transformers One,2024,https://boxd.it/q7bc,4
2025-01-24,White Men Can't Jump,2023,https://boxd.it/yEMG,4
2025-01-24,Sonic the Hedgehog 3,2024,https://boxd.it/zq0U,3.5
2025-01-30,Moana 2,2024,https://boxd.it/LcjW,3.5
2025-02-03,Flow,2024,https://boxd.it/v1Ei,5
2025-02-04,Hellboy II: The Golden Army,2008,https://boxd.it/1Ug6,3
2025-02-12,Titeuf,2011,https://boxd.it/d9u,3
2025-02-12,Red One,2024,https://boxd.it/vTBM,2.5
2025-02-12,Five Feet Apart,2019,https://boxd.it/jaAK,3
2025-02-14,Hellboy,2019,https://boxd.it/gjaA,3.5
2025-02-18,Pacific Rim,2013,https://boxd.it/2cB2,2.5
2025-02-18,A Good Marriage,2014,https://boxd.it/8X4G,2.5
2025-02-24,Jujutsu Kaisen 0,2021,https://boxd.it/uvFS,2.5
2025-03-06,Barbarian,2022,https://boxd.it/yohi,3
2025-03-06,Snowpiercer,2013,https://boxd.it/3Icg,4.5
2025-03-09,Blink Twice,2024,https://boxd.it/vIOg,4
2025-03-12,The Wild Robot,2024,https://boxd.it/IWFy,5
2025-03-13,Inception,2010,https://boxd.it/1skk,4
2025-03-13,The Creator,2023,https://boxd.it/oXWq,4
2025-03-14,X,2022,https://boxd.it/sxVa,3.5
2025-03-14,Pearl,2022,https://boxd.it/zPbe,4
2025-03-14,MaXXXine,2024,https://boxd.it/CIM4,3.5
2025-03-22,JoJo's Bizarre Adventure: Stone Ocean,2021,https://boxd.it/R18q,4
2025-03-22,JoJo's Bizarre Adventure: Phantom Blood,2012,https://boxd.it/R17i,3.5
2025-03-22,JoJo's Bizarre Adventure: Golden Wind,2018,https://boxd.it/R18g,4
2025-03-22,JoJo's Bizarre Adventure: Stardust Crusaders,2014,https://boxd.it/R17s,5
2025-03-25,DAN DA DAN: First Encounter,2024,https://boxd.it/NWzg,4
2025-03-26,Solo Leveling -ReAwakening-,2024,https://boxd.it/QjtO,3.5
2025-04-04,The Electric State,2025,https://boxd.it/tev0,3
2025-04-05,A Minecraft Movie,2025,https://boxd.it/zRro,5
2025-05-04,Attack on Titan: THE LAST ATTACK,2024,https://boxd.it/PgDE,5
2025-05-05,A Silent Voice: The Movie,2016,https://boxd.it/d99c,4.5
2025-05-06,Green Street Hooligans,2005,https://boxd.it/1ZA6,4.5
2025-05-10,Attack on Titan: Chronicle,2020,https://boxd.it/qJw8,5
2025-05-10,Attack on Titan: Crimson Bow and Arrow,2014,https://boxd.it/dbCK,5
2025-05-10,Attack on Titan: Wings of Freedom,2015,https://boxd.it/aO9G,5
2025-05-10,Attack on Titan: The Roar of Awakening,2018,https://boxd.it/hLIs,5
2025-05-10,Attack on Titan: No Regrets,2014,https://boxd.it/txJq,5
2025-05-10,Attack on Titan: Lost Girls,2017,https://boxd.it/txJg,5
2025-05-12,Thunderbolts*,2025,https://boxd.it/BfbQ,3.5
2025-05-15,Mickey 17,2025,https://boxd.it/q1Dk,4
2025-06-17,Cyberpunk: Edgerunners,2022,https://boxd.it/COP4,4.5
2025-06-19,Memories of Murder,2003,https://boxd.it/1TSo,4
2025-06-27,Passengers,2016,https://boxd.it/8lFu,3.5
2025-07-01,The Truman Show,1998,https://boxd.it/18U8,4
2025-08-23,Saltburn,2023,https://boxd.it/z4eg,4
2025-09-01,Suzume,2022,https://boxd.it/yv7Y,4
2025-09-04,Grave of the Fireflies,1988,https://boxd.it/1RUM,4.5
2025-10-26,Perfect Blue,1997,https://boxd.it/1W7A,5
2025-12-26,Requiem for a Dream,2000,https://boxd.it/29VI,5
2025-12-26,Se7en,1995,https://boxd.it/29zs,5
2025-12-27,The Pianist,2002,https://boxd.it/2aqc,4.5
2026-01-29,12 Angry Men,1957,https://boxd.it/2auI,5
2026-01-31,Léon: The Professional,1994,https://boxd.it/2b8S,4
2026-02-16,Wonder Man,2026,https://boxd.it/10jdQ,5
